{
  "threshold": 50,
  "global_prior": 0.25846491228070173,
  "priors": {
    "acoustic": 0.42312579415501905,
    "afrobeat": 0.03262233375156838,
    "alt-rock": 0.37707006369426754,
    "alternative": 0.32107843137254904,
    "ambient": 0.5242839352428393,
    "anime": 0.5216852540272615,
    "black-metal": 0.008860759493670886,
    "bluegrass": 0.03270440251572327,
    "blues": 0.3511450381679389,
    "brazil": 0.12079701120797011,
    "breakbeat": 0.03245942571785269,
    "british": 0.5712468193384224,
    "cantopop": 0.1524163568773234,
    "chicago-house": 0.008816120906801008,
    "children": 0.21755725190839695,
    "chill": 0.7930174563591023,
    "classical": 0.05610972568578554,
    "club": 0.09023485784919653,
    "comedy": 0.03337453646477132,
    "country": 0.16540404040404041,
    "dance": 0.29974811083123426,
    "dancehall": 0.30904522613065327,
    "death-metal": 0.18564356435643564,
    "deep-house": 0.5687960687960688,
    "detroit-techno": 0.00620347394540943,
    "disco": 0.3176178660049628,
    "disney": 0.09238451935081149,
    "drum-and-bass": 0.12531017369727046,
    "dub": 0.2638190954773869,
    "dubstep": 0.2558139534883721,
    "edm": 0.4825,
    "electro": 0.5132408575031526,
    "electronic": 0.44875,
    "emo": 0.5390334572490706,
    "folk": 0.30583756345177665,
    "forro": 0.052830188679245285,
    "french": 0.40694789081885857,
    "funk": 0.20843989769820973,
    "garage": 0.4319306930693069,
    "german": 0.17786069651741293,
    "gospel": 0.04568527918781726,
    "goth": 0.10167310167310167,
    "grindcore": 0.0,
    "groove": 0.36928934010152287,
    "grunge": 0.6466165413533834,
    "guitar": 0.059186189889025895,
    "happy": 0.05118601747815231,
    "hard-rock": 0.43803680981595094,
    "hardcore": 0.2540880503144654,
    "hardstyle": 0.1291139240506329,
    "heavy-metal": 0.04239401496259352,
    "hip-hop": 0.5551378446115288,
    "honky-tonk": 0.021383647798742137,
    "house": 0.4792207792207792,
    "idm": 0.005108556832694764,
    "indian": 0.4649122807017544,
    "indie": 0.434010152284264,
    "indie-pop": 0.45512010113780027,
    "industrial": 0.22053231939163498,
    "iranian": 0.0,
    "j-dance": 0.096569250317662,
    "j-idol": 0.02962962962962963,
    "j-pop": 0.4059278350515464,
    "j-rock": 0.3009950248756219,
    "jazz": 0.11689961880559085,
    "k-pop": 0.7084917617237009,
    "kids": 0.008674101610904586,
    "latin": 0.11320754716981132,
    "latino": 0.2596273291925466,
    "malay": 0.06658291457286432,
    "mandopop": 0.4817610062893082,
    "metal": 0.562268803945746,
    "metalcore": 0.5261845386533666,
    "minimal-techno": 0.1507537688442211,
    "mpb": 0.024600246002460024,
    "new-age": 0.08395061728395062,
    "opera": 0.10989010989010989,
    "pagode": 0.15625,
    "party": 0.018844221105527637,
    "piano": 0.5217932752179327,
    "pop": 0.6535626535626535,
    "pop-film": 0.9469026548672567,
    "power-pop": 0.11223203026481715,
    "progressive-house": 0.5985401459854015,
    "psych-rock": 0.526829268292683,
    "punk": 0.24215809284818068,
    "punk-rock": 0.1925,
    "r-n-b": 0.12170639899623588,
    "reggae": 0.1890547263681592,
    "reggaeton": 0.25,
    "rock": 0.25218476903870163,
    "rock-n-roll": 0.18686868686868688,
    "rockabilly": 0.24327784891165172,
    "romance": 0.0,
    "sad": 0.6952841596130592,
    "salsa": 0.01098901098901099,
    "samba": 0.022443890274314215,
    "sertanejo": 0.27125,
    "show-tunes": 0.18584070796460178,
    "singer-songwriter": 0.4325980392156863,
    "ska": 0.02360248447204969,
    "sleep": 0.23551637279596976,
    "songwriter": 0.42717258261933905,
    "soul": 0.2667493796526055,
    "spanish": 0.35508155583437895,
    "study": 0.014742014742014743,
    "swedish": 0.25396825396825395,
    "synth-pop": 0.3308550185873606,
    "tango": 0.0,
    "techno": 0.28176100628930817,
    "trance": 0.23661270236612703,
    "trip-hop": 0.22721749696233293,
    "turkish": 0.05018359853121175,
    "world-music": 0.27106227106227104
  },
  "audio_blend_weight": 0.48,
  "audio_feature_names": [
    "explicit",
    "danceability",
    "energy",
    "key",
    "loudness",
    "mode",
    "acousticness",
    "valence",
    "tempo",
    "time_signature",
    "duration_ms_log",
    "speechiness_log",
    "instrumentalness_log",
    "liveness_log",
    "energy_loudness_interaction",
    "mood_score",
    "electronic_score"
  ]
}